epoch,time,train/box_loss,train/cls_loss,train/dfl_loss,metrics/precision(B),metrics/recall(B),metrics/mAP50(B),metrics/mAP50-95(B),val/box_loss,val/cls_loss,val/dfl_loss,lr/pg0,lr/pg1,lr/pg2
1,4.45045,0.69238,69.7941,2.99015,0.00784,0.12821,0.00423,0.00214,0.64752,67.3142,3.38195,0.00013336,0.00013336,0.00013336
2,7.39113,0.65705,54.6993,2.80457,0.26776,0.22313,0.18567,0.10016,0.73459,49.8729,3.15436,0.000281987,0.000281987,0.000281987
3,10.2755,0.53626,30.6006,2.40557,0.4343,0.49393,0.37526,0.2295,0.70412,50.7683,2.5296,0.000429129,0.000429129,0.000429129
4,13.1466,0.56354,22.0782,2.54496,0.28903,0.10459,0.16687,0.13412,0.75622,58.9204,2.92309,0.000574786,0.000574786,0.000574786
5,15.8266,0.53568,17.8201,2.35531,0.00512,0.12922,0.00284,0.00112,0.99105,271.998,5.959,0.000718957,0.000718957,0.000718957
6,18.4713,0.5233,16.2071,2.32692,6e-05,0.01282,3e-05,2e-05,1.15169,83.9694,5.9532,0.000861643,0.000861643,0.000861643
7,21.0941,0.50535,14.8822,2.33294,0.50259,0.01282,0.00065,0.00024,0.85894,54.1759,4.28622,0.00100284,0.00100284,0.00100284
8,23.7043,0.49595,14.9664,2.29424,0.2067,0.28544,0.18081,0.07292,0.80909,37.8418,3.7249,0.00114256,0.00114256,0.00114256
9,26.3382,0.54584,14.309,2.39163,0.26197,0.25945,0.17294,0.1006,0.68336,44.4688,3.13211,0.00128079,0.00128079,0.00128079
10,28.976,0.51392,14.8159,2.35226,0.2958,0.40081,0.25732,0.15392,0.65386,56.6662,2.85911,0.00141753,0.00141753,0.00141753
11,31.589,0.49695,14.0468,2.29901,0.35855,0.59919,0.38202,0.21552,0.71235,21.5696,3.07813,0.00155279,0.00155279,0.00155279
12,34.1958,0.50313,13.5313,2.31975,0.33623,0.20884,0.14465,0.067,0.95876,45.0083,4.05584,0.00157623,0.00157623,0.00157623
13,36.788,0.52773,14.6855,2.38683,0.2924,0.20783,0.1737,0.09633,0.86272,28.4851,3.85168,0.00156798,0.00156798,0.00156798
14,39.3785,0.54743,14.3554,2.41195,0.20193,0.10324,0.08624,0.04514,0.92001,35.5376,4.07033,0.00155973,0.00155973,0.00155973
15,42.0355,0.50687,13.4529,2.27818,0.24878,0.41329,0.25877,0.12753,0.71851,24.8138,2.97631,0.00155148,0.00155148,0.00155148
16,44.6401,0.54011,13.3459,2.36051,0.13952,0.17004,0.09366,0.03265,0.97747,34.1429,4.30713,0.00154323,0.00154323,0.00154323
17,47.2739,0.54349,13.5652,2.3988,0.13952,0.17004,0.09366,0.03265,nan,nan,nan,0.00153497,0.00153497,0.00153497
18,49.8975,0.52101,12.9109,2.40492,0.38392,0.51068,0.35741,0.19524,0.69451,18.2648,2.89986,0.00152672,0.00152672,0.00152672
19,52.5005,0.53463,13.1716,2.35287,0.2338,0.43784,0.24988,0.15675,0.63644,23.3809,2.76175,0.00151847,0.00151847,0.00151847
20,55.1227,0.53077,13.0404,2.3978,0.29491,0.68623,0.3261,0.19902,0.69183,27.4182,2.87851,0.00151022,0.00151022,0.00151022
21,57.7352,0.52555,13.4432,2.38146,0.27109,0.5115,0.31057,0.20199,0.57803,27.0001,2.54686,0.00150197,0.00150197,0.00150197
22,60.4183,0.5139,12.7955,2.36414,0.37668,0.6778,0.42847,0.26142,0.6893,20.5453,3.113,0.00149372,0.00149372,0.00149372
23,63.1757,0.52126,13.2548,2.37984,0.43475,0.44332,0.40122,0.25398,0.62441,20.2873,2.68176,0.00148546,0.00148546,0.00148546
24,65.7811,0.51089,13.0568,2.35664,0.36882,0.66127,0.42101,0.25147,0.69097,16.1371,3.07353,0.00147721,0.00147721,0.00147721
25,68.389,0.50872,12.649,2.33742,0.40549,0.65021,0.44146,0.29489,0.63728,14.488,2.93551,0.00146896,0.00146896,0.00146896
26,71.18,0.48454,12.1694,2.32346,0.19494,0.10506,0.09599,0.04337,0.94063,36.6752,3.91005,0.00146071,0.00146071,0.00146071
27,73.8052,0.49976,12.2971,2.35447,0.01278,0.02564,0.00299,0.00153,1.03232,57.779,4.88427,0.00145246,0.00145246,0.00145246
28,76.4305,0.49039,12.5232,2.33059,0.1634,0.19905,0.09255,0.05682,0.7906,34.9461,3.17482,0.00144421,0.00144421,0.00144421
29,79.0373,0.486,12.3969,2.31498,0.40967,0.57152,0.39738,0.25471,0.66863,17.8103,2.7757,0.00143595,0.00143595,0.00143595
30,81.7096,0.469,11.4424,2.29081,0.41941,0.67605,0.42408,0.29804,0.60909,16.1108,2.56841,0.0014277,0.0014277,0.0014277
31,84.5166,0.50693,12.4271,2.33924,0.34077,0.48144,0.33709,0.19377,0.73737,21.0218,2.96194,0.00141945,0.00141945,0.00141945
32,87.1219,0.51846,13.0086,2.3649,0.00074,0.02564,0.00094,0.00062,1.23788,67.762,11.424,0.0014112,0.0014112,0.0014112
33,89.7517,0.47523,11.9226,2.24526,0.25201,0.07794,0.06865,0.03067,1.03888,46.0474,8.60087,0.00140295,0.00140295,0.00140295
34,92.3547,0.48931,11.6561,2.30629,0.40534,0.59818,0.40152,0.23784,0.62239,16.1667,2.7051,0.0013947,0.0013947,0.0013947
35,94.978,0.4842,12.3402,2.27785,0.34084,0.6735,0.36016,0.22811,0.63759,18.1844,2.56204,0.00138644,0.00138644,0.00138644
36,97.602,0.49552,11.792,2.35482,0.40212,0.74022,0.44181,0.27723,0.60468,16.7332,2.5101,0.00137819,0.00137819,0.00137819
37,100.295,0.48582,11.4974,2.27293,0.37205,0.70924,0.37375,0.2467,0.64708,16.066,2.69277,0.00136994,0.00136994,0.00136994
38,102.904,0.47257,11.42,2.23321,0.38201,0.62281,0.40402,0.26851,0.61399,16.5998,2.66086,0.00136169,0.00136169,0.00136169
39,105.508,0.49383,11.4326,2.36614,0.31476,0.45648,0.35966,0.23477,0.57374,21.5566,2.58355,0.00135344,0.00135344,0.00135344
40,108.135,0.49602,11.5212,2.33026,0.2998,0.60033,0.37127,0.22368,0.55086,17.759,2.46399,0.00134519,0.00134519,0.00134519
41,110.742,0.4905,11.049,2.29056,0.27564,0.24966,0.21701,0.13209,0.77255,27.0349,3.09541,0.00133693,0.00133693,0.00133693
42,113.356,0.51177,12.1618,2.3189,0.42765,0.49393,0.39054,0.23613,0.61652,16.4923,2.63398,0.00132868,0.00132868,0.00132868
43,115.976,0.47136,11.3049,2.23136,0.42794,0.67679,0.47642,0.30481,0.56881,13.5186,2.39051,0.00132043,0.00132043,0.00132043
44,119.221,0.44828,11.109,2.21968,0.41816,0.63731,0.47662,0.31099,0.61925,14.2233,2.6573,0.00131218,0.00131218,0.00131218
45,122.09,0.49078,10.7896,2.34617,0.3659,0.54384,0.34513,0.21357,0.68676,16.5752,3.00411,0.00130393,0.00130393,0.00130393
46,124.772,0.49972,11.6983,2.34558,0.4146,0.62416,0.42256,0.26246,0.61014,12.8739,2.59483,0.00129568,0.00129568,0.00129568
47,127.442,0.47587,10.8099,2.28998,0.48062,0.64658,0.49554,0.32939,0.57419,14.202,2.55295,0.00128742,0.00128742,0.00128742
48,130.219,0.46684,10.3012,2.29318,0.47278,0.71615,0.50013,0.32845,0.62029,16.9661,2.68471,0.00127917,0.00127917,0.00127917
49,132.857,0.49435,10.3722,2.33754,0.46187,0.59953,0.49739,0.31544,0.60683,16.1726,2.6075,0.00127092,0.00127092,0.00127092
50,135.5,0.46801,10.4915,2.25063,0.34709,0.6618,0.42672,0.259,0.69579,17.9377,2.86861,0.00126267,0.00126267,0.00126267
51,138.174,0.49613,10.2278,2.30814,0.30878,0.65216,0.34338,0.2056,0.70535,19.8717,2.84843,0.00125442,0.00125442,0.00125442
52,140.819,0.48223,10.3617,2.27432,0.41593,0.63934,0.44749,0.28398,0.57879,13.8375,2.5793,0.00124617,0.00124617,0.00124617
53,143.429,0.45862,10.1105,2.20948,0.39141,0.54287,0.40367,0.24754,0.61775,17.7471,2.64383,0.00123791,0.00123791,0.00123791
54,146.08,0.47001,10.2988,2.26703,0.31785,0.60341,0.38664,0.25402,0.61927,22.9072,2.60712,0.00122966,0.00122966,0.00122966
55,148.706,0.45001,10.1051,2.2144,0.4418,0.54791,0.42968,0.29324,0.5338,15.5044,2.47399,0.00122141,0.00122141,0.00122141
56,151.32,0.45529,10.1593,2.24213,0.40847,0.53171,0.39302,0.25825,0.54961,16.0658,2.40675,0.00121316,0.00121316,0.00121316
57,153.959,0.45548,9.64353,2.19297,0.41246,0.54825,0.38779,0.23958,0.60488,14.8837,2.54517,0.00120491,0.00120491,0.00120491
58,156.605,0.44448,10.2378,2.16872,0.44953,0.58305,0.43913,0.29594,0.52263,17.491,2.35047,0.00119666,0.00119666,0.00119666
59,159.221,0.4349,9.75236,2.17086,0.40652,0.59281,0.44732,0.29261,0.56594,17.5692,2.51859,0.0011884,0.0011884,0.0011884
60,161.831,0.45276,9.54601,2.22798,0.33385,0.67526,0.38155,0.23294,0.60421,16.3329,2.5856,0.00118015,0.00118015,0.00118015
61,164.461,0.45,9.80476,2.20715,0.33757,0.8017,0.43919,0.27572,0.54282,15.4937,2.43325,0.0011719,0.0011719,0.0011719
62,167.087,0.43955,8.98829,2.1619,0.30219,0.64644,0.35374,0.2208,0.67048,19.2413,3.0565,0.00116365,0.00116365,0.00116365
63,169.714,0.46308,8.71845,2.30753,0.34378,0.67713,0.43815,0.26987,0.62036,14.766,2.8371,0.0011554,0.0011554,0.0011554
64,172.332,0.44933,8.98347,2.20599,0.46996,0.44534,0.36095,0.24581,0.53888,19.9599,2.4252,0.00114715,0.00114715,0.00114715
65,174.98,0.45748,9.69075,2.24601,0.3598,0.58839,0.36214,0.22534,0.61135,21.8266,2.63364,0.00113889,0.00113889,0.00113889
66,177.612,0.4765,9.73097,2.2849,0.37225,0.62846,0.36116,0.24371,0.59199,15.1875,2.61043,0.00113064,0.00113064,0.00113064
67,180.242,0.46865,10.8309,2.30103,0.32002,0.6088,0.3366,0.22906,0.59959,17.315,2.50717,0.00112239,0.00112239,0.00112239
68,182.931,0.45478,9.42166,2.18939,0.43123,0.4052,0.33135,0.22012,0.5704,16.3751,2.56005,0.00111414,0.00111414,0.00111414
69,185.566,0.44701,9.65149,2.19082,0.34346,0.56039,0.32179,0.2009,0.57568,19.596,2.63105,0.00110589,0.00110589,0.00110589
70,188.2,0.43807,9.11864,2.19771,0.3923,0.49136,0.3614,0.22452,0.62835,16.3744,2.65087,0.00109764,0.00109764,0.00109764
71,190.831,0.43967,8.49372,2.2263,0.37533,0.49561,0.38785,0.23878,0.62119,17.1878,2.70987,0.00108938,0.00108938,0.00108938
72,193.489,0.4787,9.11448,2.25631,0.37381,0.72807,0.43149,0.28312,0.53506,15.3178,2.56743,0.00108113,0.00108113,0.00108113
73,196.121,0.45235,8.82395,2.24466,0.3486,0.61269,0.39027,0.23725,0.59619,16.3021,2.65523,0.00107288,0.00107288,0.00107288
74,198.749,0.42678,8.56398,2.16761,0.348,0.60121,0.41255,0.26594,0.59026,18.1,2.63947,0.00106463,0.00106463,0.00106463
75,201.42,0.43981,8.57789,2.20059,0.4491,0.58671,0.50587,0.34888,0.5467,15.7674,2.52684,0.00105638,0.00105638,0.00105638
76,204.183,0.42742,7.88222,2.14072,0.35641,0.7354,0.40629,0.27656,0.57,15.2441,2.47227,0.00104813,0.00104813,0.00104813
77,206.825,0.44138,8.20631,2.21706,0.53622,0.49222,0.46231,0.32048,0.5572,16.24,2.37532,0.00103987,0.00103987,0.00103987
78,209.447,0.44248,9.20049,2.18026,0.37112,0.61202,0.39888,0.25868,0.61747,18.4875,2.64566,0.00103162,0.00103162,0.00103162
79,212.083,0.42708,8.80747,2.15714,0.38534,0.7603,0.40365,0.26178,0.61642,18.2928,2.562,0.00102337,0.00102337,0.00102337
80,214.737,0.46502,8.78286,2.21161,0.35241,0.66363,0.38075,0.23838,0.6329,17.5895,2.63318,0.00101512,0.00101512,0.00101512
81,217.38,0.43577,8.67068,2.17489,0.38912,0.54731,0.37857,0.23892,0.60434,17.5307,2.51616,0.00100687,0.00100687,0.00100687
82,220.008,0.41433,7.9278,2.15307,0.48598,0.50316,0.43094,0.28806,0.60055,17.9792,2.54365,0.000998616,0.000998616,0.000998616
83,222.655,0.45624,8.01196,2.18453,0.51181,0.54757,0.46287,0.2921,0.62834,16.9707,2.67827,0.000990365,0.000990365,0.000990365
84,225.284,0.40907,7.67911,2.13519,0.36637,0.64105,0.43144,0.27931,0.59508,21.8135,2.62639,0.000982113,0.000982113,0.000982113
85,227.91,0.43802,8.19183,2.17295,0.49174,0.54757,0.44875,0.29586,0.57732,18.8545,2.55167,0.000973861,0.000973861,0.000973861
86,230.54,0.4236,7.79889,2.17062,0.42019,0.51204,0.39108,0.24567,0.66535,18.1485,2.89422,0.00096561,0.00096561,0.00096561
87,233.202,0.41585,7.21059,2.15408,0.41929,0.52227,0.36586,0.22486,0.64176,17.4061,2.77419,0.000957358,0.000957358,0.000957358
88,235.799,0.42497,7.67903,2.13127,0.45968,0.48756,0.41411,0.25466,0.64052,17.2252,2.91653,0.000949106,0.000949106,0.000949106
89,238.413,0.41703,8.20261,2.17088,0.36067,0.6977,0.40245,0.25556,0.64357,16.5364,2.77921,0.000940855,0.000940855,0.000940855
90,241.037,0.42616,7.98789,2.14843,0.37201,0.63413,0.39752,0.25023,0.62576,16.0899,2.68497,0.000932603,0.000932603,0.000932603
91,243.632,0.39414,7.21606,2.08104,0.39289,0.75265,0.44295,0.29198,0.629,16.8064,2.67784,0.000924352,0.000924352,0.000924352
92,246.256,0.4321,7.65979,2.15049,0.36291,0.69375,0.45185,0.29069,0.63436,17.9841,2.69559,0.0009161,0.0009161,0.0009161
93,248.877,0.42859,7.52129,2.09418,0.42922,0.5334,0.41436,0.26412,0.62509,15.8791,2.58734,0.000907848,0.000907848,0.000907848
94,251.55,0.42703,7.4489,2.18682,0.40467,0.75807,0.45375,0.28998,0.60483,17.4977,2.53473,0.000899597,0.000899597,0.000899597
95,254.146,0.42447,7.13461,2.13039,0.44029,0.61235,0.48281,0.32955,0.57726,19.291,2.52381,0.000891345,0.000891345,0.000891345
96,256.779,0.41881,6.96839,2.06488,0.41093,0.58603,0.41377,0.27407,0.60485,23.5255,2.60251,0.000883093,0.000883093,0.000883093
97,259.403,0.41916,7.15755,2.0959,0.40627,0.66464,0.46272,0.30041,0.5415,19.2376,2.45239,0.000874842,0.000874842,0.000874842
98,262.047,0.41915,7.25981,2.14993,0.36544,0.56974,0.40926,0.2749,0.56383,23.1415,2.6049,0.00086659,0.00086659,0.00086659
99,264.684,0.39937,7.20911,2.05791,0.38252,0.5587,0.4414,0.30165,0.57545,17.5768,2.58493,0.000858338,0.000858338,0.000858338
100,267.323,0.42081,7.31683,2.10643,0.38744,0.581,0.35973,0.25226,0.5664,21.7021,2.60033,0.000850087,0.000850087,0.000850087
101,270.025,0.41665,7.70742,2.11625,0.38246,0.65148,0.40913,0.2862,0.53933,19.0489,2.48284,0.000841835,0.000841835,0.000841835
102,272.645,0.41981,7.55323,2.12424,0.39923,0.68758,0.43341,0.29748,0.50576,16.1559,2.3402,0.000833583,0.000833583,0.000833583
103,275.254,0.40722,6.82201,2.10438,0.40826,0.611,0.42062,0.29969,0.499,15.9589,2.37471,0.000825332,0.000825332,0.000825332
104,277.936,0.41256,7.57244,2.16108,0.44044,0.52024,0.43401,0.28122,0.54208,15.7234,2.44715,0.00081708,0.00081708,0.00081708
105,280.582,0.41328,6.77913,2.0888,0.36504,0.62584,0.426,0.27795,0.52112,19.6516,2.35321,0.000808828,0.000808828,0.000808828
106,283.189,0.404,7.16194,2.09155,0.38585,0.70784,0.4278,0.29904,0.55291,15.028,2.48501,0.000800577,0.000800577,0.000800577
107,285.825,0.40904,7.15277,2.12342,0.45354,0.57321,0.46739,0.33208,0.5236,14.7697,2.45762,0.000792325,0.000792325,0.000792325
108,288.47,0.41453,6.84443,2.12585,0.43038,0.69096,0.45355,0.29519,0.55185,18.6065,2.39758,0.000784073,0.000784073,0.000784073
109,291.074,0.39371,6.31504,2.0522,0.35175,0.63772,0.44298,0.3069,0.51242,17.252,2.35902,0.000775822,0.000775822,0.000775822
110,293.722,0.38716,7.73911,2.05274,0.39781,0.57624,0.46805,0.32762,0.59928,18.5673,2.73981,0.00076757,0.00076757,0.00076757
111,296.395,0.39312,6.61905,2.08928,0.47998,0.67544,0.52339,0.35868,0.59511,17.9213,2.78683,0.000759318,0.000759318,0.000759318
112,299.218,0.37953,6.49536,2.05074,0.43658,0.60285,0.44367,0.30761,0.50781,18.8451,2.3911,0.000751067,0.000751067,0.000751067
113,301.882,0.40607,6.63651,2.06949,0.36988,0.639,0.41121,0.28556,0.53008,20.1444,2.48794,0.000742815,0.000742815,0.000742815
114,304.51,0.39145,6.74067,2.02747,0.37317,0.64144,0.44619,0.29965,0.57423,17.3918,2.71721,0.000734564,0.000734564,0.000734564
115,307.19,0.39636,6.97619,2.08258,0.38851,0.66074,0.48866,0.32488,0.58569,17.0911,2.71714,0.000726312,0.000726312,0.000726312
116,309.887,0.37452,6.23824,1.99806,0.39453,0.63968,0.42723,0.29651,0.51888,18.8216,2.40602,0.00071806,0.00071806,0.00071806
117,312.508,0.42121,6.92737,2.09822,0.42578,0.61336,0.47049,0.33117,0.51156,19.6973,2.37414,0.000709809,0.000709809,0.000709809
118,315.161,0.39306,6.62965,2.05798,0.42535,0.67713,0.51166,0.35334,0.53242,18.4742,2.38148,0.000701557,0.000701557,0.000701557
119,317.794,0.37325,6.0804,1.99184,0.46644,0.54905,0.48527,0.33324,0.54107,16.9042,2.33429,0.000693305,0.000693305,0.000693305
120,320.42,0.41396,6.44726,2.10609,0.37494,0.64629,0.41886,0.2856,0.55984,18.5091,2.43282,0.000685054,0.000685054,0.000685054
121,323.03,0.39596,6.46675,2.09313,0.41887,0.67476,0.42848,0.28276,0.59802,17.6683,2.57741,0.000676802,0.000676802,0.000676802
122,325.69,0.38771,6.22895,2.05969,0.40846,0.63065,0.43662,0.30629,0.56201,15.9311,2.56491,0.00066855,0.00066855,0.00066855
123,328.326,0.37785,6.25042,2.05786,0.35699,0.639,0.37253,0.2621,0.52834,18.2129,2.52001,0.000660299,0.000660299,0.000660299
124,330.982,0.37994,5.97387,2.00867,0.39808,0.65216,0.40333,0.2772,0.54169,17.5657,2.52636,0.000652047,0.000652047,0.000652047
125,333.591,0.37319,5.96751,2.03909,0.36317,0.65675,0.36987,0.24515,0.5547,18.6497,2.60062,0.000643795,0.000643795,0.000643795
126,336.264,0.37902,5.73949,2.04996,0.41044,0.49393,0.4118,0.272,0.6107,19.8584,2.80768,0.000635544,0.000635544,0.000635544
127,338.906,0.37941,5.87952,2.03209,0.41067,0.53722,0.42146,0.28691,0.58284,18.9345,2.74266,0.000627292,0.000627292,0.000627292
128,341.576,0.37409,6.0941,2.0289,0.32684,0.59784,0.3828,0.2536,0.60449,20.8961,2.81223,0.00061904,0.00061904,0.00061904
129,344.209,0.39578,6.66759,2.09662,0.33279,0.58671,0.3758,0.25219,0.60976,20.8379,2.85601,0.000610789,0.000610789,0.000610789
130,346.816,0.38971,6.20149,2.04549,0.36832,0.66296,0.41373,0.28798,0.57713,20.373,2.70088,0.000602537,0.000602537,0.000602537
131,349.474,0.35873,5.68293,2.01597,0.36958,0.68523,0.42236,0.29693,0.54819,20.6145,2.55133,0.000594286,0.000594286,0.000594286
132,352.111,0.37827,6.57972,2.04438,0.43119,0.58502,0.4408,0.30675,0.54627,18.507,2.54879,0.000586034,0.000586034,0.000586034
133,354.759,0.37001,5.83058,2.01156,0.34468,0.65573,0.39242,0.26519,0.53281,20.8442,2.54194,0.000577782,0.000577782,0.000577782
134,357.381,0.37963,6.30525,2.02036,0.40526,0.56003,0.40852,0.26748,0.58731,18.3522,2.67566,0.000569531,0.000569531,0.000569531
135,359.987,0.39329,6.21308,2.10032,0.39875,0.64361,0.44,0.29747,0.61633,17.556,2.75679,0.000561279,0.000561279,0.000561279
136,363.553,0.37803,5.78328,1.99927,0.34152,0.62517,0.40014,0.28051,0.56151,22.8773,2.63048,0.000553027,0.000553027,0.000553027
137,366.197,0.3784,6.12306,2.05698,0.39143,0.58603,0.42361,0.29571,0.56739,20.5458,2.60339,0.000544776,0.000544776,0.000544776
138,368.84,0.38309,5.80378,2.01313,0.41279,0.54787,0.44566,0.30355,0.61011,17.7684,2.6965,0.000536524,0.000536524,0.000536524
139,371.485,0.35368,5.54547,1.9915,0.28779,0.92274,0.43157,0.29756,0.59782,22.8355,2.6912,0.000528272,0.000528272,0.000528272
140,374.12,0.3368,5.28653,1.96365,0.35146,0.7919,0.41144,0.28472,0.58286,23.2238,2.59493,0.000520021,0.000520021,0.000520021
141,376.754,0.34635,5.77873,1.96924,0.38691,0.56039,0.4575,0.33289,0.56727,20.6781,2.60479,0.000511769,0.000511769,0.000511769
142,379.377,0.35744,5.61986,2.00388,0.42092,0.65047,0.41418,0.29186,0.6049,21.2872,2.68261,0.000503517,0.000503517,0.000503517
143,382.004,0.3734,5.69687,2.01696,0.3965,0.63052,0.37151,0.25219,0.56964,20.8324,2.48588,0.000495266,0.000495266,0.000495266
144,384.632,0.37097,5.67346,1.97262,0.37107,0.57389,0.39055,0.26872,0.57789,20.0717,2.46263,0.000487014,0.000487014,0.000487014
145,387.242,0.3528,5.48299,2.00732,0.3898,0.59852,0.43671,0.29907,0.58448,19.9426,2.51526,0.000478762,0.000478762,0.000478762
146,389.878,0.3722,5.66682,2.01191,0.36731,0.61412,0.42076,0.28967,0.57237,20.6371,2.52037,0.000470511,0.000470511,0.000470511
147,392.524,0.35913,5.54599,1.98322,0.39785,0.53374,0.41988,0.28814,0.60264,21.2876,2.63998,0.000462259,0.000462259,0.000462259
148,395.164,0.35691,5.72479,2.01505,0.39795,0.63094,0.45403,0.31681,0.5631,18.7628,2.64676,0.000454007,0.000454007,0.000454007
149,397.808,0.36112,5.54384,2.02101,0.38522,0.60811,0.43979,0.30412,0.53831,19.7763,2.57299,0.000445756,0.000445756,0.000445756
150,400.613,0.33529,5.28384,1.94266,0.41683,0.54585,0.38389,0.25867,0.56785,20.6703,2.61852,0.000437504,0.000437504,0.000437504
151,403.238,0.35171,5.54884,1.99943,0.38515,0.62551,0.41049,0.28465,0.57657,18.8841,2.66929,0.000429253,0.000429253,0.000429253
152,405.869,0.34979,5.89704,1.97573,0.37627,0.62584,0.40775,0.29142,0.57524,19.476,2.66512,0.000421001,0.000421001,0.000421001
153,408.539,0.3459,5.36636,1.98814,0.35637,0.62483,0.37743,0.26555,0.57593,23.5802,2.65335,0.000412749,0.000412749,0.000412749
154,411.221,0.3407,5.04322,1.95983,0.34568,0.5767,0.38454,0.27991,0.54213,21.2049,2.55977,0.000404498,0.000404498,0.000404498
155,413.905,0.36924,5.50241,2.01432,0.34243,0.69237,0.41748,0.30689,0.5524,21.3739,2.59949,0.000396246,0.000396246,0.000396246
156,416.558,0.34864,5.53796,1.94997,0.38207,0.63669,0.4496,0.31728,0.58401,21.0601,2.69783,0.000387994,0.000387994,0.000387994
157,419.222,0.36323,5.33983,1.99223,0.29389,0.87112,0.45629,0.30819,0.61517,20.8112,2.80149,0.000379743,0.000379743,0.000379743
158,421.877,0.3426,5.12786,1.97751,0.29826,0.77447,0.40391,0.28136,0.61599,23.5911,2.8353,0.000371491,0.000371491,0.000371491
159,424.534,0.32501,5.57475,1.93717,0.36927,0.54858,0.40694,0.286,0.5882,23.0663,2.68946,0.000363239,0.000363239,0.000363239
160,427.177,0.3433,5.41012,1.96102,0.42837,0.5294,0.46571,0.32913,0.55405,21.1216,2.51641,0.000354988,0.000354988,0.000354988
161,429.787,0.34182,5.38029,1.91638,0.37132,0.62478,0.45764,0.32538,0.54677,22.4498,2.55317,0.000346736,0.000346736,0.000346736
162,432.416,0.33166,5.13307,1.95087,0.36893,0.63765,0.43985,0.31104,0.54135,20.4597,2.62844,0.000338484,0.000338484,0.000338484
163,435.014,0.33789,5.14444,1.96942,0.37891,0.63833,0.44171,0.31582,0.53692,17.284,2.59459,0.000330233,0.000330233,0.000330233
164,437.625,0.33931,5.3835,1.95961,0.40465,0.58153,0.45218,0.31655,0.54026,16.7877,2.55715,0.000321981,0.000321981,0.000321981
165,440.25,0.34238,5.1005,1.94308,0.44483,0.56005,0.46031,0.31343,0.5496,16.1655,2.56499,0.000313729,0.000313729,0.000313729
166,442.925,0.33083,5.08035,1.97521,0.40164,0.73574,0.46223,0.32571,0.54672,17.5307,2.6194,0.000305478,0.000305478,0.000305478
167,445.553,0.34947,5.20886,1.95474,0.41888,0.71559,0.48234,0.34474,0.53588,18.7508,2.5999,0.000297226,0.000297226,0.000297226
168,448.161,0.33133,4.80791,1.94051,0.40246,0.6402,0.51886,0.37958,0.5191,16.9858,2.50845,0.000288974,0.000288974,0.000288974
169,450.97,0.32399,4.80293,1.90185,0.43671,0.6811,0.49869,0.34948,0.51597,18.9866,2.48335,0.000280723,0.000280723,0.000280723
170,453.593,0.32723,5.0802,1.90516,0.39981,0.63327,0.4476,0.3098,0.55846,23.7317,2.62875,0.000272471,0.000272471,0.000272471
171,456.224,0.33898,5.03854,1.93091,0.36533,0.56107,0.40227,0.27858,0.58031,23.4592,2.68335,0.00026422,0.00026422,0.00026422
172,458.879,0.34594,5.09886,1.97591,0.36112,0.57287,0.40784,0.27518,0.58116,20.2336,2.7405,0.000255968,0.000255968,0.000255968
173,461.517,0.31914,5.00346,1.94777,0.38135,0.6704,0.42859,0.2939,0.56589,19.4294,2.74104,0.000247716,0.000247716,0.000247716
174,464.136,0.31955,4.97652,1.92802,0.41806,0.65013,0.48169,0.33042,0.55748,18.7805,2.72217,0.000239465,0.000239465,0.000239465
175,466.759,0.34016,5.03573,1.99599,0.42778,0.57782,0.48254,0.34617,0.54898,18.6049,2.69427,0.000231213,0.000231213,0.000231213
176,469.405,0.33072,5.01822,1.94378,0.30807,0.8971,0.47794,0.3476,0.54888,17.5607,2.66588,0.000222961,0.000222961,0.000222961
177,472.058,0.33208,5.01752,1.93028,0.41472,0.52227,0.4567,0.33677,0.5627,17.2759,2.65279,0.00021471,0.00021471,0.00021471
178,474.668,0.31583,4.74955,1.9248,0.39095,0.57605,0.46947,0.34159,0.55769,17.9369,2.61191,0.000206458,0.000206458,0.000206458
179,477.332,0.30659,4.94202,1.87732,0.37078,0.58637,0.48406,0.35433,0.5527,18.3637,2.59095,0.000198206,0.000198206,0.000198206
180,479.962,0.31569,4.59689,1.90333,0.37936,0.68995,0.46789,0.33988,0.5456,19.2474,2.66007,0.000189955,0.000189955,0.000189955
181,482.592,0.32403,4.84977,1.93632,0.39894,0.80348,0.46216,0.32874,0.54253,18.9368,2.65556,0.000181703,0.000181703,0.000181703
182,485.222,0.33302,4.90848,1.95979,0.41192,0.66836,0.48514,0.34172,0.54097,18.0718,2.64639,0.000173451,0.000173451,0.000173451
183,487.826,0.32357,4.78821,1.93001,0.41698,0.67679,0.49,0.34771,0.53752,17.7154,2.60267,0.0001652,0.0001652,0.0001652
184,490.435,0.31526,4.81836,1.89259,0.38484,0.83198,0.477,0.34188,0.53722,19.252,2.56322,0.000156948,0.000156948,0.000156948
185,493.037,0.30516,4.61965,1.88018,0.31795,0.88428,0.4596,0.32099,0.52971,22.0455,2.50256,0.000148696,0.000148696,0.000148696
186,495.676,0.32121,4.71646,1.90887,0.32182,0.88462,0.4533,0.32608,0.52353,22.7153,2.50495,0.000140445,0.000140445,0.000140445
187,498.309,0.31154,4.64744,1.92831,0.32425,0.88462,0.46288,0.33253,0.52839,22.1585,2.50695,0.000132193,0.000132193,0.000132193
188,500.931,0.31897,4.97416,1.94655,0.31924,0.87146,0.48633,0.34928,0.51968,21.031,2.49848,0.000123941,0.000123941,0.000123941
189,503.549,0.31649,4.7213,1.89395,0.3208,0.88428,0.49446,0.3573,0.51226,20.0861,2.48815,0.00011569,0.00011569,0.00011569
190,506.191,0.31398,4.55095,1.9105,0.32911,0.87078,0.4733,0.34241,0.51205,20.5695,2.51355,0.000107438,0.000107438,0.000107438
191,508.803,0.31149,4.47302,1.89272,0.34138,0.87078,0.4806,0.34677,0.52167,20.6179,2.53048,9.91865e-05,9.91865e-05,9.91865e-05
192,511.434,0.30605,4.48308,1.85923,0.40626,0.62483,0.47674,0.34215,0.54666,19.8411,2.60167,9.09349e-05,9.09349e-05,9.09349e-05
193,514.065,0.31266,4.68217,1.87305,0.40692,0.63966,0.47052,0.33862,0.56773,18.9681,2.67022,8.26832e-05,8.26832e-05,8.26832e-05
194,516.759,0.31654,4.45258,1.90956,0.38534,0.61779,0.46907,0.33779,0.56893,19.1148,2.68416,7.44316e-05,7.44316e-05,7.44316e-05
195,519.388,0.30456,4.48636,1.8894,0.3865,0.61726,0.46593,0.33345,0.56238,19.4536,2.67676,6.61799e-05,6.61799e-05,6.61799e-05
196,522.013,0.31594,4.64325,1.94455,0.38834,0.61032,0.45594,0.33222,0.55261,19.4104,2.64709,5.79283e-05,5.79283e-05,5.79283e-05
197,524.617,0.31742,4.59474,1.93084,0.38871,0.72807,0.47308,0.34549,0.55099,19.6499,2.66036,4.96766e-05,4.96766e-05,4.96766e-05
198,527.244,0.31857,4.74759,1.91879,0.40361,0.68927,0.46798,0.34177,0.54733,19.9551,2.64484,4.1425e-05,4.1425e-05,4.1425e-05
199,529.873,0.31563,4.50772,1.90113,0.40358,0.68927,0.47121,0.34537,0.54276,20.1253,2.63236,3.31733e-05,3.31733e-05,3.31733e-05
200,532.535,0.3104,4.58259,1.88131,0.34079,0.87078,0.46688,0.34118,0.53819,20.5478,2.62797,2.49217e-05,2.49217e-05,2.49217e-05
